popularity_rank,canonical_key,display_name,source_breadth,in_debian_popcon,in_homebrew,in_vcpkg,in_conan,debian_installed_max,debian_regular_use_max,debian_installed_sum,debian_regular_use_sum,homebrew_installs_365d,homebrew_requested_365d,homebrew_reverse_dependencies,vcpkg_reverse_dependencies,conan_literal_reverse_dependencies,popularity_proxy_raw,popularity_proxy_share_pct,cumulative_popularity_proxy_pct
1,openssl,openssl,4,1,1,1,1,280848,241114,645319,435721,5822471,888964,619,116,148,0.026561318074,3.38859504,3.388595
2,cmake,cmake,3,1,1,0,1,34720,5841,70033,9049,1788904,1299641,1,0,267,0.022780685722,2.9062759,6.294871
3,zlib,zlib,4,1,1,1,1,281693,264406,445377,302816,657368,126088,0,188,177,0.017961095112,2.2914103,8.586281
4,pkgconf,pkgconf,4,1,1,1,1,58054,10711,230417,24179,1854548,874218,24,11,136,0.013707722295,1.74878068,10.335062
5,ffmpeg,ffmpeg,4,1,1,1,1,93633,45163,847517,196137,2007854,1759323,80,5,8,0.010636984139,1.35702722,11.692089
6,glib,glib,3,0,1,1,1,0,0,0,0,2525522,409548,333,47,36,0.009568631938,1.22073079,12.91282
7,boost,boost,3,0,1,1,1,0,0,0,0,413645,148532,101,1,111,0.008634383639,1.10154283,14.014363
8,gettext,gettext,4,1,1,1,1,281304,118037,405887,139793,1988124,118476,397,40,13,0.008186530649,1.0444074,15.05877
9,openjdk,openjdk,2,0,1,0,1,0,0,0,0,1546633,1008972,287,0,3,0.007811636937,0.99657984,16.05535
10,libpng,libpng,3,0,1,1,1,0,0,0,0,1857222,110195,213,39,52,0.007649298371,0.97586929,17.031219
11,zstd,zstd,3,0,1,1,1,0,0,0,0,2792863,109234,200,28,47,0.007488375404,0.95533933,17.986559
12,libtool,libtool,3,1,1,0,1,197733,134496,304970,143516,648613,113600,36,0,72,0.006543460908,0.83479062,18.821349
13,freetype,freetype,4,1,1,1,1,280841,164207,310268,166581,1515032,91518,154,33,28,0.006351460099,0.81029586,19.631645
14,harfbuzz,harfbuzz,4,1,1,1,1,197926,131168,689819,415002,2200539,446005,110,10,6,0.006290414248,0.80250786,20.434153
15,libxcb,libxcb,3,1,1,1,0,279269,173787,3025479,1535316,937994,1300,30,10,0,0.00606829562,0.77417078,21.208324
16,protobuf,protobuf,4,1,1,1,1,96239,54428,190778,62219,1021978,471050,49,30,25,0.005649458946,0.72073715,21.929061
17,gmp,gmp,4,1,1,1,1,280114,224762,335632,227304,1633341,53737,179,15,17,0.005631931838,0.7185011,22.647562
18,pcre2,pcre2,4,1,1,1,1,269044,253652,535885,330328,2490791,33166,127,11,14,0.005609454206,0.71563349,23.363195
19,lz4,lz4,4,1,1,1,1,273836,244255,287218,245656,2101239,14755,83,21,26,0.005569537602,0.71054107,24.073737
20,dbus,dbus,4,1,1,1,1,280439,259804,1780031,1531244,572291,7809,14,9,6,0.00541237634,0.69049102,24.764228
21,imagemagick,imagemagick,3,1,1,0,1,89911,12045,544932,29146,969999,879106,22,0,3,0.005016850986,0.64003135,25.404259
22,meson,meson,3,1,1,0,1,8277,1738,8277,1738,207672,62920,1,0,75,0.005016145794,0.63994139,26.0442
23,ncurses,ncurses,4,1,1,1,1,281673,246935,1639061,719077,1582566,17514,65,3,5,0.005011540206,0.63935382,26.683554
24,fmt,fmt,3,0,1,1,1,0,0,0,0,822247,12910,42,47,48,0.005003836198,0.63837098,27.321925
25,expat,expat,4,1,1,1,1,281193,243166,368283,248345,1347209,54629,4,26,30,0.004985253066,0.63600021,27.957925
26,fontconfig,fontconfig,4,1,1,1,1,228374,161544,693528,454071,1690995,44589,70,12,13,0.004655411104,0.59392019,28.551846
27,cairo,cairo,4,1,1,1,1,197600,137721,511184,352410,932382,93300,152,12,9,0.00457871313,0.58413534,29.135981
28,bzip2,bzip2,4,1,1,1,1,281705,244072,613033,291714,863558,14831,3,28,26,0.00457350624,0.58347107,29.719452
29,readline,readline,4,1,1,1,1,281640,123741,451428,249001,2881798,51308,123,1,4,0.004563571916,0.58220368,30.301656
30,libtiff,libtiff,2,0,1,0,1,0,0,0,0,1618367,110059,83,0,35,0.004304111508,0.54910268,30.850758
31,krb5,krb5,4,1,1,1,1,280923,235295,1496522,958735,928151,25404,19,1,3,0.004284086658,0.54654798,31.397306
32,libx11,libx11,3,1,1,1,0,279250,173737,803566,476461,1404101,7676,95,24,0,0.004261878219,0.54371471,31.941021
33,nlohmann-json,nlohmann-json,3,0,1,1,1,0,0,0,0,44610,9185,7,62,42,0.004205145449,0.53647695,32.477498
34,curl,curl,3,1,1,1,0,204404,98837,500360,263173,792461,343608,21,40,0,0.004174966099,0.53262678,33.010125
35,libxml2,libxml2,4,1,1,1,1,59077,17020,123630,32725,595935,105761,34,31,34,0.004163127505,0.53111646,33.541241
36,automake,automake,3,1,1,0,1,56212,7908,56212,7908,295892,215679,2,0,46,0.004015868002,0.51232963,34.053571
37,sqlite3,sqlite3,3,1,0,1,1,281134,239047,344361,247018,0,0,0,25,31,0.003964618634,0.50579143,34.559362
38,libjpeg-turbo,libjpeg-turbo,3,1,0,1,1,223916,160657,345100,166440,0,0,0,35,31,0.003847871419,0.49089725,35.050259
39,poppler,poppler,4,1,1,1,1,132683,44079,448981,78181,727724,613146,18,0,2,0.003840244903,0.48992429,35.540184
40,xorg,xorg,2,1,0,0,1,198035,119170,711950,208438,0,0,0,0,41,0.003809063199,0.48594624,36.02613
41,libyaml,libyaml,4,1,1,1,1,193733,136520,198189,136811,557926,28056,227,6,1,0.003638542372,0.46419182,36.490322
42,gcc,gcc,2,0,1,0,1,0,0,0,0,1096615,591257,64,0,0,0.003599262209,0.4591806,36.949502
43,gdk-pixbuf,gdk-pixbuf,4,1,1,1,1,187288,123820,682172,350652,614308,86986,104,7,3,0.003501353465,0.44668977,37.396192
44,eigen,eigen,2,0,1,0,1,0,0,0,0,186112,33911,39,0,47,0.003500659133,0.44660119,37.842793
45,libiconv,libiconv,3,0,1,1,1,0,0,0,0,202506,12257,1,26,40,0.003261682732,0.41611346,38.258907
46,brotli,brotli,4,1,1,1,1,261502,189087,333377,210723,1507858,9990,28,4,11,0.003204049248,0.40876079,38.667668
47,libjpeg,libjpeg,2,1,0,0,1,187,10,187,10,0,0,0,0,52,0.003199204008,0.40814265,39.07581
48,xz-utils,xz_utils,2,1,0,0,1,280461,230041,591537,320098,0,0,0,0,24,0.003185700181,0.40641988,39.48223
49,qtbase,qtbase,2,0,1,1,0,0,0,0,0,146117,2388,100,88,0,0.003153226566,0.40227702,39.884507
50,pango,pango,3,0,1,1,1,0,0,0,0,1035262,236999,115,7,5,0.003101282996,0.39565025,40.280157
51,at-spi2-core,at-spi2-core,4,1,1,1,1,160194,107644,988166,575115,201521,26453,59,2,3,0.002943337398,0.37550013,40.655658
52,libwebp,libwebp,3,1,0,1,1,181894,131146,693658,415730,0,0,0,9,18,0.002904697185,0.37057056,41.026228
53,graphviz,graphviz,3,1,1,1,0,70120,15802,508322,64572,493633,458696,21,1,0,0.002900957358,0.37009345,41.396322
54,llvm,llvm,2,0,1,1,0,0,0,0,0,1149471,401972,53,3,0,0.002840584345,0.36239128,41.758713
55,libusb,libusb,4,1,1,1,1,71358,3615,75325,3813,540306,63008,78,16,14,0.002691950941,0.34342918,42.102142
56,libpq,libpq,3,0,1,1,1,0,0,0,0,527326,247266,49,3,14,0.002687250406,0.3428295,42.444972
57,wayland,wayland,4,1,1,1,1,176204,118107,713021,457015,56751,566,9,2,14,0.002646531567,0.33763474,42.782606
58,avahi,avahi,3,1,1,0,1,210263,147673,1182148,819302,27086,240,0,0,1,0.002645043233,0.33744486,43.120051
59,libffi,libffi,4,1,1,1,1,229172,202029,280339,205905,1053532,85200,4,5,5,0.00262089751,0.33436444,43.454416
60,librsvg,librsvg,3,1,1,1,0,182019,113260,445091,270465,584408,227735,19,1,0,0.002611741628,0.33319637,43.787612
61,abseil,abseil,4,1,1,1,1,102057,56735,112615,62878,699639,11851,41,19,14,0.002568185966,0.3276397,44.115252
62,opengl,opengl,2,0,0,1,1,0,0,0,0,0,0,0,22,33,0.00255988481,0.32658067,44.441832
63,libgpg-error,libgpg-error,4,1,1,1,1,269068,238140,396898,247996,777923,16603,39,5,1,0.00253883499,0.32389521,44.765728
64,libdrm,libdrm,3,1,1,0,1,197430,148908,1071401,603658,50940,543,3,0,5,0.002535337716,0.32344904,45.089177
65,qt,qt,3,0,1,1,1,0,0,0,0,189863,133652,14,0,28,0.002498309614,0.31872513,45.407902
66,binutils,binutils,3,1,1,0,1,179356,53427,1264453,358816,555038,80172,2,0,2,0.002495510897,0.31836808,45.72627
67,mesa,mesa,3,1,1,1,0,175702,118741,1469319,556436,111936,13887,10,0,0,0.002493937174,0.31816731,46.044437
68,libxext,libxext,3,1,1,1,0,278581,149596,314386,152007,1093246,3218,45,13,0,0.002473155965,0.31551612,46.359953
69,gnutls,gnutls,2,0,1,0,1,0,0,0,0,1168233,202384,56,0,6,0.002377281263,0.30328478,46.663238
70,libheif,libheif,4,1,1,1,1,177158,104086,728178,178587,468410,90647,14,0,6,0.002329686716,0.29721284,46.960451
71,libglvnd,libglvnd,2,1,0,0,1,170264,118751,1131250,619613,0,0,0,0,3,0.00231747041,0.29565433,47.256105
72,pipewire,pipewire,4,1,1,1,1,129008,107123,1082242,786631,24783,840,2,0,0,0.002301834461,0.29365955,47.549765
73,openssh,openssh,3,1,1,0,1,280680,217496,765759,449270,61564,61149,0,0,0,0.002267316217,0.28925584,47.839021
74,libvorbis,libvorbis,3,1,1,1,0,167851,126395,503379,353781,251972,8475,62,6,0,0.002240070983,0.28578,48.124801
75,gobject-introspection,gobject-introspection,4,1,1,1,1,181235,103338,444636,222306,175298,74273,10,0,11,0.00223745392,0.28544612,48.410247
76,libunistring,libunistring,4,1,1,1,1,146513,116250,148849,116480,1944063,15607,15,3,2,0.00221732062,0.28287759,48.693124
77,ninja,ninja,2,0,1,0,1,0,0,0,0,550202,356699,4,0,7,0.002212583917,0.2822733,48.975398
78,libidn2,libidn2,4,1,1,1,1,273711,207115,292215,208985,701793,15132,21,3,3,0.002203233507,0.28108041,49.256478
79,xxhash,xxhash,4,1,1,1,1,255145,238085,261100,238646,207567,8388,18,4,7,0.00220268987,0.28101105,49.537489
80,openexr,openexr,4,1,1,1,1,123164,26016,135301,28558,1207503,38585,17,3,12,0.002155564674,0.27499899,49.812488
81,bison,bison,3,1,1,0,1,20468,1992,23248,1992,110777,39373,1,0,30,0.002123528121,0.27091189,50.0834
82,libevent,libevent,4,1,1,1,1,104987,71515,191766,111029,708616,12303,52,7,7,0.002118935253,0.27032595,50.353726
83,ruby,ruby,2,0,1,0,1,0,0,0,0,728412,323119,42,0,0,0.002107221623,0.26883157,50.622557
84,snappy,snappy,4,1,1,1,1,177340,104380,178479,104453,273497,9112,26,7,12,0.002059095861,0.26269186,50.885249
85,audit,audit,2,1,0,1,0,278134,260833,566627,523780,0,0,0,0,0,0.002051508352,0.26172387,51.146973
86,acl,acl,4,1,1,1,1,281705,265452,440705,385617,121088,590,1,2,2,0.00203323335,0.25939242,51.406366
87,kmod,kmod,3,1,1,0,1,280288,255546,560573,460724,120,31,1,0,1,0.002018398136,0.25749979,51.663865
88,openjpeg,openjpeg,3,0,1,1,1,0,0,0,0,628962,36929,32,9,16,0.002011185273,0.2565796,51.920445
89,libsodium,libsodium,4,1,1,1,1,200027,54489,211554,57227,542130,16596,62,4,6,0.002010787359,0.25652884,52.176974
90,libuv,libuv,3,0,1,1,1,0,0,0,0,996642,14029,31,10,13,0.001960918631,0.25016677,52.427141
91,opus,opus,4,1,1,1,1,166284,129036,172006,129355,616628,12594,29,5,6,0.001954499634,0.24934786,52.676488
92,libxcrypt,libxcrypt,4,1,1,1,1,254776,204795,398437,208763,582655,1758,5,2,3,0.001951703785,0.24899117,52.92548
93,flex,flex,3,1,1,0,1,22884,1853,59923,3192,33469,17851,3,0,28,0.001918103209,0.24470454,53.170184
94,icu,icu,3,1,0,1,1,111703,81731,193238,94844,0,0,0,9,18,0.001906750736,0.24325623,53.41344
95,aom,aom,3,1,1,1,0,173373,116449,178951,116782,845202,134350,8,1,0,0.001877424389,0.23951488,53.652955
96,giflib,giflib,4,1,1,1,1,131221,18168,136339,18638,1008022,39867,25,1,9,0.001866997111,0.23818461,53.89114
97,libselinux,libselinux,3,1,1,0,1,281680,265501,332918,276266,88,62,0,0,4,0.001795737341,0.22909355,54.120233
98,pulseaudio,pulseaudio,4,1,1,1,1,162056,123155,554441,348186,111776,2264,6,0,5,0.001784065992,0.22760456,54.347838
99,libxau,libxau,3,1,1,1,0,279341,170295,331105,172474,867958,866,7,1,0,0.001775916058,0.22656482,54.574403
100,libarchive,libarchive,4,1,1,1,1,99406,70658,107516,71258,703652,34637,46,4,4,0.001768778525,0.22565424,54.800057
101,pixman,pixman,4,1,1,1,1,198527,140157,218879,141609,972591,18351,15,1,1,0.00175908275,0.22441729,55.024474
102,libogg,libogg,3,1,1,1,0,167994,127070,176880,127559,302692,6060,59,9,0,0.001755638311,0.22397786,55.248452
103,json-c,json-c,4,1,1,1,1,251740,148444,255683,148787,283300,4889,29,4,3,0.001752704232,0.22360354,55.472056
104,nettle,nettle,4,1,1,1,1,146186,112067,310300,222565,722834,7313,10,3,3,0.001750592749,0.22333417,55.69539
105,mbedtls,mbedtls,4,1,1,1,1,93704,6582,168056,8271,393306,34814,8,3,16,0.001749257573,0.22316383,55.918554
106,libdeflate,libdeflate,4,1,1,1,1,201719,140985,226048,142310,519901,8312,8,3,5,0.001698691953,0.21671286,56.135267
107,c-ares,c-ares,4,1,1,1,1,36697,8906,64848,15884,1143709,69384,19,3,6,0.001685423989,0.21502018,56.350287
108,opencv,opencv,4,1,1,1,1,41081,9863,306735,41559,88975,82747,5,7,12,0.001676675873,0.21390413,56.564191
109,libssh2,libssh2,4,1,1,1,1,141114,106572,153358,107820,747565,41139,22,1,3,0.00167383842,0.21354213,56.777733
110,libxdmcp,libxdmcp,3,1,1,1,0,279346,154463,331108,156629,827988,618,4,1,0,0.001665661257,0.21249892,56.990232
111,spdlog,spdlog,4,1,1,1,1,29739,18106,31807,18220,39829,5880,9,17,16,0.001648154724,0.2102655,57.200497
112,tesseract,tesseract,4,1,1,1,1,22780,5895,33732,8252,646394,251154,14,0,1,0.001645167509,0.20988441,57.410382
113,hdf5,hdf5,4,1,1,1,1,30425,764,94210,2806,144060,30915,20,14,13,0.001637651135,0.20892549,57.619307
114,jansson,jansson,4,1,1,1,1,265216,170665,269268,170830,70181,5031,23,2,3,0.001632658621,0.20828857,57.827596
115,libsndfile,libsndfile,4,1,1,1,1,163729,124009,168742,124288,276664,6266,40,5,3,0.001628937006,0.20781378,58.03541
116,libedit,libedit,3,1,1,1,0,281619,172431,284913,172625,715166,7388,2,0,0,0.001619133542,0.20656309,58.241973
117,nss,nss,4,1,1,1,1,180129,122565,197410,126551,510065,103381,5,0,1,0.001618369709,0.20646564,58.448438
118,fribidi,fribidi,4,1,1,1,1,201397,132009,219460,133401,486715,3467,18,4,3,0.001617576236,0.20636441,58.654803
119,openldap,openldap,4,1,1,1,1,264897,117669,446252,124802,532188,19073,11,0,1,0.001606897069,0.205002,58.859805
120,rapidjson,rapidjson,4,1,1,1,1,889,56,903,56,26065,1122,1,19,18,0.001595638748,0.20356571,59.063371
121,elfutils,elfutils,4,1,1,1,1,145811,132975,365407,258747,139279,553,9,2,4,0.001552235844,0.19802853,59.261399
122,attr,attr,3,1,1,1,0,281692,251999,330240,254733,44831,451,0,1,0,0.001538110323,0.19622644,59.457626
123,maven,maven,3,1,1,0,1,11681,622,15323,829,313605,312200,1,0,1,0.001527992054,0.19493559,59.652561
124,libxrender,libxrender,3,1,1,1,0,204957,138657,234848,140527,804363,1006,10,2,0,0.001522137494,0.19418869,59.84675
125,asio,asio,4,1,1,1,1,1221,1,1243,1,8073,4355,6,26,13,0.001506693223,0.19221837,60.038968
126,autoconf,autoconf,3,1,1,0,1,56432,8117,57122,8117,457658,110326,12,0,9,0.001506593896,0.1922057,60.231174
127,libnghttp2,libnghttp2,2,0,1,0,1,0,0,0,0,1864912,17662,19,0,3,0.001505583224,0.19207676,60.423251
128,libunwind,libunwind,4,1,1,1,1,168920,97811,173835,98171,37573,102,2,4,11,0.001491235519,0.19024633,60.613497
129,imath,imath,4,1,1,1,1,90458,23736,95231,24059,538560,5015,17,5,10,0.00148433654,0.18936618,60.802863
130,libxslt,libxslt,4,1,1,1,1,203145,128950,233510,134033,94185,21382,3,5,5,0.001475602598,0.18825194,60.991115
131,tar,tar,2,1,0,0,1,281696,255316,281758,255327,0,0,0,0,0,0.001461481454,0.18645042,61.177566
132,json-glib,json-glib,3,1,1,1,0,154365,119451,385434,262638,58710,2721,29,2,0,0.001455880261,0.18573584,61.363301
133,libmnl,libmnl,3,1,1,0,1,277503,172021,278724,172085,2019,18,6,0,4,0.001452705544,0.18533082,61.548632
134,vulkan-loader,vulkan-loader,4,1,1,1,1,162019,115310,177175,116782,87179,13955,7,2,8,0.001449454846,0.18491611,61.733548
135,nghttp2,nghttp2,3,1,1,1,0,271888,179973,284001,181309,52353,48613,0,1,0,0.001425811715,0.1818998,61.915448
136,m4,m4,3,1,1,0,1,71119,10067,71519,10067,905870,7299,3,0,11,0.001424378642,0.18171698,62.097165
137,uchardet,uchardet,4,1,1,1,1,254933,224057,256530,224157,20699,7669,5,0,0,0.001387743458,0.17704319,62.274208
138,libsecret,libsecret,4,1,1,1,1,143205,114778,413818,234254,87045,987,6,4,2,0.001375175867,0.17543987,62.449648
139,ccache,ccache,3,1,1,0,1,5358,1443,5358,1443,294672,292481,2,0,0,0.001374481891,0.17535133,62.624999
140,libva,libva,4,1,1,1,1,154827,111473,709260,305459,27439,247,0,0,0,0.001373546372,0.17523198,62.800231
141,graphite2,graphite2,3,1,1,1,0,197796,128449,215774,129774,821118,2596,3,0,0,0.001364408584,0.17406622,62.974298
142,dav1d,dav1d,4,1,1,1,1,114581,84349,122466,84974,889811,7586,11,0,3,0.001358885074,0.17336155,63.147659
143,popt,popt,3,1,1,0,1,281619,166203,285157,166451,76908,1358,18,0,0,0.00135605189,0.1730001,63.320659
144,gdbm,gdbm,4,1,1,1,1,145403,119869,319877,120307,352536,13985,15,0,2,0.00135347612,0.17267149,63.493331
145,z3,z3,4,1,1,1,1,172483,112281,195803,112920,609569,15786,10,1,1,0.00134327121,0.17136959,63.6647
146,pugixml,pugixml,4,1,1,1,1,24349,3053,25813,3096,36789,1117,10,15,13,0.001338246059,0.1707285,63.835429
147,openblas,openblas,4,1,1,1,1,18879,2205,52911,3995,304651,38467,55,2,6,0.001332647674,0.17001428,64.005443
148,lua,lua,3,0,1,1,1,0,0,0,0,279509,102459,42,7,3,0.001318897392,0.16826007,64.173703
149,shared-mime-info,shared-mime-info,3,1,1,1,0,264791,135352,264791,135352,349927,28719,1,0,0,0.00131534829,0.16780729,64.341511
150,eigen3,eigen3,2,1,0,1,0,4816,478,4950,478,0,0,0,54,0,0.001311396692,0.16730316,64.508814
151,libavif,libavif,4,1,1,1,1,103972,80617,152336,83906,428121,51203,8,0,4,0.001299643162,0.16580368,64.674617
152,mpfr,mpfr,3,0,1,1,1,0,0,0,0,499117,4123,50,6,6,0.001287048605,0.16419692,64.838814
153,libtirpc,libtirpc,3,1,1,0,1,259014,109202,470855,220010,97620,769,4,0,0,0.001284767907,0.16390595,65.00272
154,onetbb,onetbb,2,1,0,0,1,52945,11007,165316,25376,0,0,0,0,17,0.00128250248,0.16361694,65.166337
155,libbsd,libbsd,3,1,1,0,1,281284,201390,290011,202210,640,190,1,0,0,0.001280536511,0.16336613,65.329703
156,tiff,tiff,2,1,0,1,0,180676,126383,237511,129749,0,0,0,18,0,0.00127756924,0.16298757,65.492691
157,pciutils,pciutils,3,1,1,0,1,280258,123452,566219,196582,121,105,0,0,0,0.001276847994,0.16289556,65.655586
158,flac,flac,3,1,1,0,1,98900,78951,127333,82283,260207,5215,38,0,4,0.00127193213,0.16226841,65.817855
159,tcp-wrappers,tcp-wrappers,2,1,0,0,1,280136,173542,308054,180127,0,0,0,0,1,0.00124868653,0.15930282,65.977158
160,libxkbcommon,libxkbcommon,3,1,1,1,0,168700,115462,430187,275636,57168,2021,6,0,0,0.001245160077,0.15885293,66.136011
161,libxmu,libxmu,3,1,1,1,0,274881,106296,454654,106742,40639,574,16,1,0,0.001226107963,0.15642233,66.292433
162,mpdecimal,mpdecimal,3,1,1,0,1,126,65,230,75,1857284,5750,7,0,1,0.001218204006,0.15541398,66.447847
163,mozjpeg,mozjpeg,2,0,1,0,1,0,0,0,0,17609,1280,2,0,19,0.001202848014,0.15345492,66.601302
164,nspr,nspr,4,1,1,1,1,180978,136024,188433,136517,299263,2897,7,2,1,0.001201064451,0.15322737,66.754529
165,glib-networking,glib-networking,3,1,1,1,0,152523,97641,457448,289446,27646,2189,2,1,0,0.00119516349,0.15247455,66.907004
166,libbpf,libbpf,4,1,1,1,1,228728,201930,229190,201993,440,31,1,0,0,0.001177086093,0.1501683,67.057172
167,libmd,libmd,3,1,1,0,1,254412,183971,262313,184797,3456,130,1,0,0,0.001167391221,0.14893147,67.206104
168,libxfixes,libxfixes,3,1,1,1,0,189526,118800,210636,120182,275262,1007,11,4,0,0.001167352732,0.14892656,67.35503
169,mpg123,mpg123,4,1,1,1,1,99491,78990,118011,81044,538335,13517,15,2,2,0.001166492022,0.14881675,67.503847
170,xorg-macros,xorg-macros,2,0,0,1,1,0,0,0,0,0,0,0,33,6,0.001163892176,0.14848507,67.652332
171,numactl,numactl,3,1,1,1,0,229913,166177,246782,167243,30754,128,1,3,0,0.001150896149,0.14682709,67.799159
172,libxi,libxi,3,1,1,1,0,189527,116767,209435,118156,255126,1001,10,3,0,0.00111400109,0.14212015,67.941279
173,aws-c-common,aws-c-common,3,0,1,1,1,0,0,0,0,66679,346,15,8,12,0.00111160548,0.14181453,68.083094
174,fftw3,fftw3,2,1,0,1,0,161795,113716,338171,144500,0,0,0,9,0,0.001100580675,0.14040803,68.223502
175,grpc,grpc,4,1,1,1,1,5463,356,12915,1128,153930,63044,7,5,9,0.001098464646,0.14013807,68.36364
176,xkeyboard-config,xkeyboard-config,3,1,1,0,1,277674,128683,277674,128683,43198,339,2,0,1,0.001095914349,0.13981271,68.503452
177,mawk,mawk,3,1,1,0,1,281158,136784,281158,136784,5680,688,0,0,1,0.00109315492,0.13946067,68.642913
178,lmdb,lmdb,4,1,1,1,1,256648,103945,258483,104011,12435,1373,9,3,1,0.001091879169,0.13929792,68.782211
179,graphene,graphene,4,1,1,1,1,131106,95008,211164,155722,30581,321,20,1,2,0.001089139122,0.13894835,68.921159
180,nasm,nasm,3,1,1,0,1,5151,493,5151,493,102953,37064,0,0,14,0.001080189405,0.13780658,69.058966
181,libnfnetlink,libnfnetlink,3,1,1,0,1,237745,113913,238384,113961,357,6,3,0,3,0.00107432614,0.13705857,69.196025
182,protobuf-c,protobuf-c,4,1,1,1,1,256812,86732,257986,86809,52481,11496,12,1,1,0.00107218833,0.13678583,69.33281
183,libcanberra,libcanberra,3,1,1,1,0,131800,96642,440045,236719,554,93,2,1,0,0.001056687534,0.1348083,69.467619
184,gflags,gflags,4,1,1,1,1,2589,391,3908,445,94705,2452,18,13,8,0.001045950891,0.13343856,69.601057
185,libepoxy,libepoxy,4,1,1,1,1,168168,120899,180218,121901,88278,693,7,4,1,0.001043698991,0.13315127,69.734209
186,opencore-amr,opencore-amr,3,1,1,0,1,140739,104135,281561,208215,127238,840,8,0,0,0.001042356221,0.13297996,69.867188
187,fftw,fftw,3,1,1,0,1,850,30,1981,66,100628,14151,46,0,8,0.001041641726,0.13288881,70.000077
188,gstreamer,gstreamer,3,0,1,1,1,0,0,0,0,83300,51455,10,3,10,0.00103532518,0.13208297,70.13216
189,libice,libice,3,1,1,1,0,183940,110822,222940,111897,112731,228,15,2,0,0.00103242016,0.13171236,70.263873
190,libassuan,libassuan,3,1,1,1,0,125578,111320,127221,111461,359466,4164,12,2,0,0.001027895555,0.13113513,70.395008
191,libdatrie,libdatrie,4,1,1,1,1,194763,124914,210292,126001,315645,259,1,0,0,0.001025136531,0.13078314,70.525791
192,tinyxml2,tinyxml2,4,1,1,1,1,12529,2317,13043,2351,44178,2239,11,12,9,0.00101268214,0.12919425,70.654985
193,apr-util,apr-util,4,1,1,1,1,119048,22412,305909,24265,114304,3148,14,5,4,0.001011167201,0.12900098,70.783986
194,libgcrypt,libgcrypt,3,0,1,1,1,0,0,0,0,640456,24795,37,3,2,0.001010489672,0.12891455,70.912901
195,libxrandr,libxrandr,3,1,1,1,0,184394,109370,204827,110872,188346,1236,8,2,0,0.000997502017,0.12725763,71.040158
196,appstream,appstream,3,1,1,1,0,117532,83522,427707,225488,17327,1448,1,1,0,0.000991681052,0.12651501,71.166673
197,luajit,luajit,4,1,1,1,1,27459,6310,57097,12729,521952,54419,21,2,2,0.000990347636,0.1263449,71.293018
198,simdjson,simdjson,4,1,1,1,1,2510,702,2622,709,1334124,8375,7,2,1,0.000983029176,0.12541124,71.418429
199,rsync,rsync,3,1,1,0,1,152777,54985,152777,54985,110382,100821,3,0,0,0.000981674784,0.12523845,71.543668
200,libsamplerate,libsamplerate,4,1,1,1,1,158873,101138,166090,101389,132285,1926,21,1,0,0.000977587385,0.12471699,71.668385
201,double-conversion,double-conversion,4,1,1,1,1,105783,58695,106967,58774,145982,1901,7,9,3,0.000971958205,0.12399884,71.792384
202,glog,glog,3,0,1,1,1,0,0,0,0,84261,3740,18,15,6,0.000963004373,0.12285655,71.91524
203,libexif,libexif,4,1,1,1,1,142310,113426,151108,113957,43398,3022,12,0,2,0.000960922676,0.12259097,72.037831
204,lapack,lapack,3,1,1,1,0,173839,23421,356489,42473,2796,2614,0,16,0,0.000959866916,0.12245628,72.160288
205,svt-av1,svt-av1,3,1,1,1,0,106363,66746,118821,74634,692197,5860,8,0,0,0.000959373435,0.12239333,72.282681
206,jemalloc,jemalloc,4,1,1,1,1,222400,64965,223350,65062,22163,13001,6,0,3,0.000959235518,0.12237573,72.405057
207,jbigkit,jbigkit,3,1,1,1,0,222112,142848,246788,144132,212,211,0,0,0,0.00095757422,0.12216379,72.52722
208,libmtp,libmtp,3,1,1,1,0,120262,93787,321872,239125,1906,1836,1,1,0,0.000957568945,0.12216312,72.649384
209,libpsl,libpsl,4,1,1,1,1,145719,108428,157657,109664,114971,2002,6,1,2,0.000956824238,0.12206811,72.771452
210,x264,x264,3,1,1,1,0,133782,66348,146291,73074,531858,8476,11,0,0,0.00095390548,0.12169574,72.893147
211,libxpm,libxpm,4,1,1,1,1,207399,105319,214542,105757,15291,1245,8,1,1,0.000952886336,0.12156573,73.014713
212,libsm,libsm,3,1,1,1,0,183923,98949,222892,100730,110372,331,13,1,0,0.00094599883,0.12068704,73.1354
213,apr,apr,4,1,1,1,1,65860,42976,67902,43147,143993,1519,17,7,4,0.000945329121,0.1206016,73.256002
214,highway,highway,4,1,1,1,1,98771,68454,100756,68767,526617,3801,4,1,2,0.000939515764,0.11985996,73.375862
215,libnftnl,libnftnl,3,1,1,0,1,266673,114326,266768,114332,1470,11,2,0,0,0.000936017912,0.11941371,73.495275
216,libinput,libinput,2,1,0,0,1,136758,115706,278890,225387,0,0,0,0,0,0.000934649643,0.11923916,73.614515
217,zeromq,zeromq,3,0,1,1,1,0,0,0,0,221956,7388,28,6,6,0.000933998046,0.11915603,73.733671
218,pcre,pcre,3,0,1,1,1,0,0,0,0,60164,23231,11,6,9,0.000929164725,0.11853941,73.85221
219,lerc,lerc,3,1,0,1,1,181264,122678,202617,123832,0,0,0,0,2,0.000927076585,0.11827301,73.970483
220,glfw,glfw,2,0,1,0,1,0,0,0,0,48164,44137,10,0,10,0.000913579306,0.11655108,74.087034
221,libao,libao,3,1,1,1,0,124868,102002,250342,163217,3795,374,13,0,0,0.000906904586,0.11569954,74.202734
222,libzip,libzip,4,1,1,1,1,45078,16113,53332,16828,247537,22956,26,9,1,0.000906685987,0.11567166,74.318405
223,libxtst,libxtst,3,1,1,1,0,177020,110842,189792,111672,167361,291,4,1,0,0.000905406669,0.11550844,74.433914
224,x265,x265,3,1,1,1,0,107203,53122,117972,58170,665240,4853,10,0,0,0.000904996329,0.1154561,74.54937
225,libvpx,libvpx,4,1,1,1,1,92637,46356,108511,52481,555073,6008,12,1,1,0.000903809314,0.11530466,74.664674
226,lzo,lzo,3,0,1,1,1,0,0,0,0,688974,1713,24,1,4,0.000898583329,0.11463795,74.779312
227,make,make,2,0,1,0,1,0,0,0,0,101537,53543,1,0,10,0.000897289456,0.11447288,74.893785
228,re2,re2,4,1,1,1,1,88626,9812,89354,9882,103623,6012,15,4,6,0.000891812685,0.11377417,75.007559
229,stb,stb,2,0,0,1,1,0,0,0,0,0,0,0,14,9,0.00089082863,0.11364863,75.121208
230,cpuinfo,cpuinfo,3,1,0,1,1,85285,5899,85964,5966,0,0,0,6,9,0.000879258427,0.11217255,75.233381
231,minizip,minizip,3,0,1,1,1,0,0,0,0,46131,1604,14,9,8,0.000873453869,0.11143202,75.344813
232,libfido2,libfido2,3,1,1,1,0,254332,30260,254967,30328,124028,30211,10,0,0,0.000871676381,0.11120526,75.456018
233,gdal,gdal,4,1,1,1,1,36324,1023,110179,3371,119876,68522,9,3,4,0.000871611603,0.111197,75.567215
234,argon2,argon2,4,1,1,1,1,225024,84965,226160,85025,71863,2455,9,0,0,0.000867557908,0.11067984,75.677895
235,qtdeclarative,qtdeclarative,2,0,1,1,0,0,0,0,0,110210,1218,36,19,0,0.000864305683,0.11026493,75.78816
236,libxinerama,libxinerama,3,1,1,1,0,182275,108978,201917,110333,49338,667,8,0,0,0.000861033131,0.10984743,75.898007
237,unixodbc,unixodbc,3,1,1,1,0,53846,7480,194301,15768,233496,41084,27,3,0,0.000860756747,0.10981217,76.007819
238,libnotify,libnotify,3,1,1,1,0,141146,98826,321764,147569,25505,1597,2,0,0,0.00085935621,0.1096335,76.117453
239,ngtcp2,ngtcp2,2,1,0,1,0,131608,102993,280537,196038,0,0,0,0,0,0.000859114028,0.1096026,76.227055
240,libidn,libidn,3,1,1,0,1,160497,79270,166338,79576,116861,2102,7,0,2,0.000858687725,0.10954821,76.336604
241,isl,isl,3,1,1,0,1,186215,2085,186639,2129,513910,3618,14,0,1,0.000857921757,0.10945049,76.446054
242,libpciaccess,libpciaccess,3,1,1,0,1,179221,113750,192427,114594,41877,86,1,0,1,0.000856785939,0.10930559,76.55536
243,libyuv,libyuv,3,1,0,1,1,163402,105495,166308,105714,0,0,0,4,1,0.000851598684,0.10864382,76.664004
244,libbluray,libbluray,3,1,1,1,0,146354,73790,157058,78433,286240,15790,7,0,0,0.000850921938,0.10855748,76.772561
245,yaml-cpp,yaml-cpp,4,1,1,1,1,8913,530,11180,832,11563,3960,9,7,9,0.000849896776,0.1084267,76.880988
246,libnetfilter-conntrack,libnetfilter_conntrack,3,1,1,0,1,231468,110776,231681,110790,196,30,1,0,0,0.000847433974,0.1081125,76.9891
247,iso-codes,iso-codes,3,1,1,1,0,266896,82690,266896,82690,41143,657,2,0,0,0.000845696845,0.10789089,77.096991
248,libass,libass,3,1,1,1,0,149106,33147,150560,33227,251624,50296,10,0,0,0.000840524229,0.10723098,77.204222
249,speex,speex,3,1,1,1,0,159848,81060,163920,81240,128401,825,15,1,0,0.000840441571,0.10722044,77.311443
250,libimobiledevice,libimobiledevice,3,1,1,1,0,86323,74546,88571,74785,63839,60390,3,4,0,0.000839204124,0.10706257,77.418505
251,duktape,duktape,4,1,1,1,1,152376,137595,152478,137604,1157,100,2,1,0,0.000832679799,0.10623022,77.524735
252,libgit2,libgit2,4,1,1,1,1,35581,17629,36370,17688,435487,25707,37,0,0,0.000832658683,0.10622753,77.630963
253,libssh,libssh,4,1,1,1,1,123543,25683,124621,25738,339940,24067,16,0,1,0.000828883153,0.10574586,77.736709
254,libcap,libcap,3,0,1,1,1,0,0,0,0,720909,521,6,2,5,0.000828519759,0.1056995,77.842408
255,libpcap,libpcap,4,1,1,1,1,108259,14983,117273,15354,26046,8774,11,4,5,0.000820828195,0.10471824,77.947126
256,libdaemon,libdaemon,3,1,1,0,1,145422,122226,145525,122236,21856,39,2,0,1,0.000812429593,0.10364677,78.050773
257,libxshmfence,libxshmfence,3,1,1,0,1,177152,108761,179291,108818,34240,82,0,0,1,0.000812105021,0.10360536,78.154379
258,openjph,openjph,4,1,1,1,1,5806,1958,6313,1987,953006,4595,2,1,3,0.00081187028,0.10357542,78.257954
259,liburing,liburing,4,1,1,1,1,122986,82032,123552,82110,217,63,0,4,3,0.000811827982,0.10357002,78.361524
260,xerces-c,xerces-c,4,1,1,1,1,42250,1411,44870,1602,46926,1475,13,3,8,0.00080545206,0.1027566,78.464281
261,libproxy,libproxy,3,1,1,1,0,152636,99799,301293,121077,4062,3716,0,0,0,0.000800224614,0.10208971,78.56637
262,utf8proc,utf8proc,4,1,1,1,1,21983,6572,22314,6593,468362,14810,13,4,3,0.000796884376,0.10166357,78.668034
263,libtheora,libtheora,2,1,0,1,0,147266,46335,361422,130558,0,0,0,3,0,0.000784703277,0.10010955,78.768143
264,vulkan-headers,vulkan-headers,3,0,1,1,1,0,0,0,0,88799,14081,6,13,5,0.000784502634,0.10008395,78.868227
265,llhttp,llhttp,4,1,1,1,1,4571,2084,8836,2197,775201,1425,2,2,4,0.000783460112,0.09995095,78.968178
266,libfontenc,libfontenc,3,1,1,1,0,168945,108244,170854,108332,26255,109,3,1,0,0.000781099583,0.09964981,79.067828
267,libde265,libde265,4,1,1,1,1,182746,41800,185277,41981,299002,3661,1,1,1,0.000777311246,0.0991665,79.166995
268,libgphoto2,libgphoto2,3,1,1,0,1,134067,74853,310082,150198,7425,1892,1,0,0,0.000774782825,0.09884394,79.265839
269,serd,serd,4,1,1,1,1,150968,103829,151584,103865,601,259,4,3,0,0.000773878165,0.09872852,79.364567
270,tree-sitter,tree-sitter,4,1,1,1,1,13273,1268,16197,2138,376943,50411,5,1,4,0.000768250736,0.0980106,79.462578
271,glew,glew,4,1,1,1,1,19462,298,25568,846,47895,15066,17,7,5,0.000766188218,0.09774747,79.560325
272,libxdamage,libxdamage,3,1,1,1,0,180810,106812,196274,107822,35341,515,0,0,0,0.000763126814,0.09735691,79.657682
273,libevdev,libevdev,4,1,1,1,1,139658,118753,143509,118977,174,150,0,0,1,0.000761007057,0.09708647,79.754769
274,miniz,miniz,3,0,1,1,1,0,0,0,0,32,29,0,6,10,0.000759800653,0.09693257,79.851701
275,jsoncpp,jsoncpp,3,0,1,1,1,0,0,0,0,48563,4038,15,11,5,0.000757621629,0.09665457,79.948356
276,openal-soft,openal-soft,4,1,1,1,1,144820,6469,291662,12858,8600,7385,4,4,3,0.000756410055,0.09650001,80.044856
